{"time": [0.0, 0.1042637825012207, 0.24651694297790527, 0.3775038719177246, 0.4684579372406006, 0.5917308330535889, 0.7189228534698486, 0.8347928524017334, 0.979956865310669, 1.084446907043457, 1.1886298656463623, 1.3298938274383545, 1.4341778755187988, 1.580805778503418, 1.6848218441009521, 1.788923740386963, 1.9300730228424072, 2.0337400436401367, 2.1807968616485596, 2.2850589752197266, 2.4141149520874023, 2.5184848308563232, 2.622607707977295, 2.7632298469543457, 2.867090940475464, 3.0140609741210938, 3.1176838874816895, 3.2224559783935547, 3.3632969856262207, 3.4677278995513916, 3.6141817569732666, 3.718626022338867, 3.822767734527588, 3.9631259441375732, 4.067659854888916, 4.213786840438843, 4.318253993988037, 4.422224760055542, 4.563318967819214, 4.667515754699707, 4.814237833023071, 4.91823410987854, 5.0217978954315186, 5.163302898406982, 5.267239809036255, 5.413979768753052, 5.518590927124023, 5.622503757476807, 5.763309001922607, 5.8676557540893555, 6.013529062271118, 6.117262125015259, 6.221076011657715, 6.363533973693848, 6.467372894287109, 6.6134209632873535, 6.717231750488281, 6.821038007736206, 6.9633400440216064, 7.067192077636719, 7.213593006134033, 7.3168628215789795, 7.427600860595703, 7.554045915603638, 7.669639825820923, 7.814563035964966, 7.918359994888306, 8.022279977798462, 8.163266897201538, 8.267328977584839, 8.413974046707153, 8.518247842788696, 8.622248888015747, 8.76339602470398, 8.867589712142944, 9.014168977737427, 9.118405818939209, 9.222188949584961, 9.363300800323486, 9.467560768127441, 9.613993883132935, 9.718507051467896, 9.822268962860107, 9.96318006515503], "position": [39.30867795580317, 61.315485268356575, 44.506841558513514, 35.34109928143106, 27.727096798174763, 20.943348480623484, 15.858728209540548, 13.56241802682081, 15.29836901171746, 19.978980965330173, 24.666116187252133, 26.968736270305474, 25.352314282864363, 20.999534998591226, 15.864451326043744, 12.93740447245953, 13.77786970220448, 17.871731790108303, 22.928975815209068, 26.22133242175421, 25.804264652036967, 21.810905348391074, 16.901309066056843, 13.566840374787112, 13.245079288488336, 16.76877642150441, 21.985259189698755, 26.08096498060498, 26.673634387279076, 23.772475631557768, 18.820241500809086, 14.437016479260983, 12.943342771412839, 15.17482343691691, 20.0273817639207, 24.67175433081497, 26.786132225610498, 25.36285827895777, 20.94121512537939, 15.876178248137741, 13.11921994724776, 14.445556684175449, 18.41166287673812, 23.194696197417397, 26.323360834796038, 25.826496422104395, 21.962933424604703, 16.9584671669763, 13.601767474855324, 13.538918512850124, 16.966383528658756, 22.199853785867983, 26.137585269891602, 26.98902405369874, 24.04540362627806, 18.960980894194428, 14.366203768229829, 12.781142014594947, 14.962142917711597, 19.927507711658908, 24.649037226746835, 26.4040769887823, 25.04650632224775, 20.752596706865635, 15.789304710588494, 13.502352885726996, 14.814691573169222, 18.580772902110187, 23.251820244209952, 26.3520125041786, 25.945685479519458, 21.845583327553467, 16.921319412781973, 13.579018278786563, 13.400414778856739, 16.802714182157075, 21.970138819017084, 26.105854109876987, 26.72550855773833, 23.791726485862007, 18.887962839879805, 14.445427301514918, 12.838347598859306, 15.395701145729493], "expected": [20.0, 25.877852522924734, 29.510565162951536, 28.090169943749473, 23.09016994374948, 16.90983005625053, 10.489434837048465, 10.489434837048467, 16.90983005625054, 23.090169943749487, 28.090169943749487, 29.510565162951526, 25.877852522924705, 16.909830056250478, 11.909830056250497, 10.0, 14.122147477075321, 20.00000000000005, 28.09016994374948, 30.0, 25.877852522924766, 20.00000000000006, 14.12214747707533, 10.0, 11.909830056250449, 19.999999999999815, 25.87785252292458, 29.510565162951465, 28.090169943749615, 23.090169943749736, 14.122147477075506, 10.489434837048567, 10.489434837048352, 16.90983005625016, 23.090169943749075, 29.5105651629514, 29.510565162951682, 25.877852522925142, 16.909830056251025, 11.909830056250856, 10.489434837048284, 14.122147477074769, 19.999999999999385, 28.090169943749082, 30.0, 25.877852522925316, 20.00000000000076, 14.122147477075913, 10.0, 11.909830056250026, 19.999999999999133, 25.877852522924, 29.510565162951266, 28.090169943750038, 23.09016994375035, 14.122147477076087, 10.489434837048766, 10.489434837048151, 16.90983005624948, 23.09016994374846, 29.51056516295118, 29.51056516295188, 25.877852522925664, 16.909830056251643, 11.909830056251236, 10.489434837048085, 14.122147477074247, 19.9999999999987, 28.09016994374874, 30.0, 25.87785252292555, 20.00000000000091, 14.122147477075918, 10.0, 11.90983005625019, 19.999999999999552, 25.877852522924396, 29.51056516295144, 28.090169943749583, 23.090169943749547, 14.12214747707523, 10.489434837048417, 10.489434837048545, 16.90983005625089]}