{"time": [4.0531158447265625e-06, 0.10469794273376465, 0.24547600746154785, 0.3507959842681885, 0.495635986328125, 0.6009888648986816, 0.7050180435180664, 0.8450758457183838, 0.9484326839447021, 1.0947389602661133, 1.1990909576416016, 1.3033928871154785, 1.4452788829803467, 1.5494880676269531, 1.6951048374176025, 1.799448013305664, 1.9032130241394043, 2.0492968559265137, 2.141735792160034, 2.2734599113464355, 2.401918888092041, 2.498389959335327, 2.6440799236297607, 2.74973201751709, 2.8953258991241455, 2.999537944793701, 3.103550910949707, 3.245069980621338, 3.349932909011841, 3.4955618381500244, 3.598881959915161, 3.7338438034057617, 3.862668037414551, 3.941483974456787, 4.071026802062988, 4.20032000541687, 4.315712928771973, 4.424911975860596, 4.558990955352783, 4.66653299331665, 4.811426877975464, 4.915461778640747, 5.02113676071167, 5.162154912948608, 5.2834789752960205, 5.4123899936676025, 5.545491933822632, 5.64556884765625, 5.7500951290130615, 5.895700931549072, 6.00052809715271, 6.104671001434326, 6.24494481086731, 6.348933696746826, 6.495920896530151, 6.6008758544921875, 6.704684019088745, 6.845037937164307, 6.948927879333496, 7.095041990280151, 7.229357004165649, 7.304306745529175, 7.433922052383423, 7.5667829513549805, 7.695997953414917, 7.799260854721069, 7.917038917541504, 8.021222829818726, 8.16157579421997, 8.266876935958862, 8.412653923034668, 8.518036842346191, 8.621485948562622, 8.761383771896362, 8.867181062698364, 9.012327909469604, 9.120826959609985, 9.2618408203125, 9.366909742355347, 9.512312889099121, 9.61697793006897, 9.72221302986145, 9.861851692199707, 9.966969966888428], "position": [42.67341144657224, 65.86041646275382, 60.101740163368106, 53.487917633900615, 46.21857805162823, 39.29186033420929, 33.09796845701756, 29.256702950792604, 28.10885053917732, 28.808768132237052, 29.997646721308534, 29.90122193895669, 27.5526316704066, 23.922789677930083, 20.175574086104422, 17.959164918271384, 18.279921117963344, 20.742027150217538, 23.586310393333306, 25.288541289569, 24.514032707918336, 21.514348339227517, 18.2694249896841, 15.9250140551544, 15.51563478440172, 17.711396069640823, 21.064947495258462, 23.735243712935283, 24.121822136484564, 22.586609125341294, 19.48387349591354, 16.737676429127156, 16.570685893810396, 18.7167829958233, 21.73268202321348, 23.858361397885815, 24.051202115902143, 22.51377961422759, 19.98053127169016, 17.142734413442895, 15.754730210931195, 16.801900092833108, 19.46701058398544, 22.370676257466663, 23.984237848064467, 23.12045496003811, 20.088634673253583, 16.7291026547331, 14.520184327310377, 14.835331779425806, 17.419041257694637, 20.880336910017437, 23.400506508250185, 23.94232250491894, 22.126461814601893, 18.795998414681772, 15.852951537530718, 14.895352862188405, 16.417219175130317, 19.385502006381845, 21.592141157468784, 21.85247998148833, 20.355597606972644, 17.859572598726317, 15.105078539290266, 13.9242707046576, 15.22326194122359, 18.69908530040218, 21.792297736783645, 23.42101069829401, 23.14173218432451, 20.588010111411155, 17.173068617848553, 15.266389204572992, 15.853243057021421, 18.56100982470982, 21.694700590895614, 23.88875179980903, 23.557303984740916, 21.54789585073885, 18.591321340140613, 15.965289960148056, 15.814979798150858, 18.359358277984573], "expected": [20.0, 25.877852522924734, 29.510565162951536, 28.090169943749473, 23.09016994374948, 14.12214747707527, 10.489434837048465, 10.489434837048467, 14.12214747707528, 23.090169943749487, 28.090169943749487, 29.510565162951526, 25.877852522924705, 19.999999999999968, 11.909830056250497, 10.0, 14.122147477075321, 20.00000000000005, 25.877852522924755, 30.0, 25.877852522924766, 23.09016994374953, 14.12214747707533, 10.489434837048499, 11.909830056250449, 16.909830056250367, 25.87785252292458, 29.510565162951465, 29.510565162951615, 23.090169943749736, 16.909830056250822, 10.489434837048567, 11.909830056250302, 14.122147477074973, 23.090169943749075, 29.5105651629514, 29.510565162951682, 25.877852522925142, 16.909830056251025, 11.909830056250856, 10.489434837048284, 14.122147477074769, 19.999999999999385, 28.090169943749082, 30.0, 25.877852522925316, 20.00000000000076, 14.122147477075913, 10.0, 11.909830056250026, 19.999999999999133, 25.877852522924, 29.510565162951266, 29.510565162951814, 23.09016994375035, 14.122147477076087, 10.489434837048766, 10.489434837048151, 14.12214747707442, 23.09016994374846, 29.51056516295118, 29.51056516295188, 25.877852522925664, 16.909830056251643, 11.909830056251236, 10.0, 14.122147477074247, 19.9999999999987, 28.09016994374874, 30.0, 25.87785252292555, 20.00000000000091, 14.122147477075918, 10.0, 11.90983005625019, 19.999999999999552, 25.877852522924396, 30.0, 28.090169943749583, 20.00000000000006, 14.12214747707523, 10.489434837048417, 11.909830056250689, 16.90983005625089]}