{"time": [3.814697265625e-06, 0.09495091438293457, 0.21935796737670898, 0.3446516990661621, 0.46904873847961426, 0.5940358638763428, 0.7162868976593018, 0.8080699443817139, 0.9343957901000977, 1.059349775314331, 1.183271884918213, 1.3077819347381592, 1.4334290027618408, 1.5561249256134033, 1.6705899238586426, 1.7828729152679443, 1.8955106735229492, 2.0078418254852295, 2.4445457458496094, 2.8163998126983643, 2.928741931915283, 3.0464088916778564, 3.168754816055298, 3.294095754623413, 3.4183099269866943, 3.5391969680786133, 3.6643106937408447, 3.7898478507995605, 3.9184179306030273, 4.00744891166687, 4.133968830108643, 4.258630990982056, 4.384216785430908, 4.508686780929565, 4.633401870727539, 4.757506847381592, 4.847944021224976, 4.971973896026611, 5.097676753997803, 5.222133636474609, 5.347405910491943, 5.47217583656311, 5.597738027572632, 5.690051794052124, 5.814877986907959, 5.939096927642822, 6.062279939651489, 6.185436964035034, 6.308391809463501, 6.432409763336182, 6.557318925857544, 6.648084878921509, 6.773711919784546, 6.899542808532715, 7.024166822433472, 7.146199703216553, 7.270989894866943, 7.395181894302368, 7.486377000808716, 7.608788967132568, 7.733119964599609, 7.928318023681641, 8.050617933273315, 8.176455974578857, 8.270004034042358, 8.395106792449951, 8.518959760665894, 8.643041849136353, 8.768735647201538, 8.888375759124756, 9.004661083221436, 9.122134685516357, 9.249514818191528, 9.370116949081421, 9.489049911499023, 9.611196994781494, 9.72786283493042, 9.843151807785034, 9.964672088623047], "position": [31.939619952428103, 66.36742448084415, 53.73002283636302, 43.96823511537764, 35.339550355142215, 27.085876341727843, 20.638818382459057, 17.300723572234396, 17.293263181153943, 20.017125068059553, 23.750425023429074, 25.48827901304362, 24.589651066144523, 21.098177582111298, 16.80990955879429, 14.268287416431276, 14.16497529053178, 17.208839301413082, 23.901704124587454, 21.348003672053203, 19.251823468658493, 20.87236971683494, 23.900096328115783, 26.073445416382384, 25.456470294688177, 22.038801416570628, 17.862269322104112, 14.927977943657375, 15.201720317737523, 18.604889312394768, 22.766370323845656, 25.267574719808312, 25.59004795012837, 22.790096345767914, 18.454851696746736, 15.334046815875137, 14.532838571235763, 16.33785045939898, 20.05199960398103, 23.6601924430041, 25.508461263396534, 24.05376398700496, 20.124579203161975, 16.007857922625977, 13.938529434196099, 14.972646227262329, 18.628167616085744, 22.924030470704764, 24.98263790786378, 24.286997948880988, 20.828687889077205, 16.50046798380185, 13.852143022653719, 13.752230786458917, 16.79438156291584, 21.26192337988533, 24.42675433424076, 24.911880563176247, 22.40245399910269, 18.360913238502572, 14.161392894264356, 13.795570925452562, 17.441654897613816, 22.173736251400104, 25.029436870273358, 25.351006372154732, 22.68698649120211, 18.38716549614958, 15.315178271914105, 14.728441341347942, 17.50132638145315, 21.79451198289845, 25.073386689895543, 25.706505662088603, 23.344936940015902, 19.279740146237863, 15.5519474006744, 14.15383045454259, 16.12978283459623], "expected": [20.0, 23.090169943749473, 29.510565162951536, 29.510565162951536, 23.09016994374948, 16.90983005625053, 10.489434837048465, 10.489434837048467, 14.12214747707528, 23.090169943749487, 28.090169943749487, 29.510565162951526, 25.877852522924705, 16.909830056250478, 11.909830056250497, 10.0, 11.909830056250554, 20.00000000000005, 25.877852522924766, 10.48943483704843, 14.122147477075147, 19.999999999999815, 28.090169943749355, 30.0, 25.87785252292494, 20.00000000000029, 11.909830056250708, 10.0, 14.122147477074973, 19.9999999999996, 25.87785252292438, 30.0, 28.090169943749764, 20.000000000000508, 14.12214747707571, 10.0, 10.489434837048284, 16.909830056249955, 23.090169943748872, 29.510565162951334, 29.51056516295175, 23.090169943750144, 16.90983005625123, 11.909830056250982, 10.489434837048218, 14.122147477074595, 23.090169943748666, 28.090169943748954, 29.510565162951814, 25.87785252292549, 16.909830056251437, 14.122147477076087, 10.0, 11.909830056249898, 19.999999999998916, 25.877852522923828, 30.0, 28.090169943750162, 23.090169943750624, 14.122147477076261, 10.489434837048854, 14.122147477074247, 23.090169943748258, 28.09016994374874, 30.0, 28.090169943750084, 20.00000000000091, 14.122147477075918, 10.0, 11.90983005625019, 19.999999999999552, 25.877852522924396, 29.51056516295144, 28.090169943749583, 23.090169943749547, 14.12214747707523, 10.489434837048417, 10.489434837048545, 16.90983005625089]}