{"time": [3.0994415283203125e-06, 0.10146284103393555, 0.20537376403808594, 0.34639501571655273, 0.4503798484802246, 0.5974369049072266, 0.7016429901123047, 0.8057808876037598, 0.946544885635376, 1.0506930351257324, 1.197563886642456, 1.3014209270477295, 1.4057660102844238, 1.5465660095214844, 1.651073932647705, 1.7973039150238037, 1.9012961387634277, 2.0053348541259766, 2.146358013153076, 2.2501418590545654, 2.397228956222534, 2.5019030570983887, 2.6059377193450928, 2.7464749813079834, 2.8507769107818604, 2.9974420070648193, 3.1013870239257812, 3.205950975418091, 3.346668004989624, 3.4504308700561523, 3.597562074661255, 3.701917886734009, 3.8055808544158936, 3.9468369483947754, 4.050686836242676, 4.1976330280303955, 4.3017308712005615, 4.405683994293213, 4.546576023101807, 4.650659084320068, 4.7975499629974365, 4.902045965194702, 5.0063841342926025, 5.146234035491943, 5.251044988632202, 5.397489786148071, 5.501459836959839, 5.605695009231567, 5.746746063232422, 5.850691080093384, 5.997674942016602, 6.101696968078613, 6.206455945968628, 6.346595048904419, 6.450988054275513, 6.59758996963501, 6.701470851898193, 6.805755138397217, 6.946779727935791, 7.050849914550781, 7.197619915008545, 7.301752090454102, 7.40599799156189, 7.546654939651489, 7.651187896728516, 7.797680854797363, 7.901408910751343, 8.006012916564941, 8.14678692817688, 8.250963926315308, 8.397677898406982, 8.501723051071167, 8.60545301437378, 8.746680974960327, 8.85110092163086, 9.121485948562622, 9.262639045715332, 9.36775016784668, 9.514270782470703, 9.623737096786499, 9.768241882324219, 9.843118906021118, 9.984194040298462], "position": [31.712939970623523, 66.31439219875438, 49.27717765676584, 38.42022512343541, 30.000385167988306, 22.422451781421447, 16.58587102376588, 13.842810647938363, 14.560536353088152, 18.884184390475983, 24.0302877311908, 26.25478180639614, 25.007095651437368, 21.566820383953935, 16.811018622768536, 13.294777754621586, 14.1255197232703, 18.266491637430185, 22.758525219017308, 25.917445555744234, 26.43838070539885, 22.953653010465526, 17.475272887629192, 13.580557315998893, 13.246388831269302, 15.797666821373436, 20.77429550665602, 25.494410079663723, 27.228465123280067, 24.79894126681991, 19.98158569400936, 15.469347115968786, 13.312917711686662, 14.364756585593922, 18.817496594624377, 24.012250278619067, 26.131662500680275, 24.96829700248842, 21.560230686270245, 16.808262401096677, 13.299142879159232, 14.108214458472547, 18.246907972456125, 22.752355036826277, 25.920266056008025, 26.530494963233267, 22.91281823393287, 17.427846042061656, 13.619315992491547, 13.306741458447531, 15.862717001454953, 20.786738141871677, 25.492231660691274, 27.30203192721604, 24.74435593375205, 19.942098265729722, 15.456978140327891, 13.261006075671668, 14.214735992070652, 18.735892659971245, 23.929438296710373, 26.076891062971054, 24.976399051205835, 21.60451637749109, 16.80791153104968, 13.276601131990159, 14.128363465004401, 18.225261286154257, 22.747997934569614, 25.91485858352753, 26.53993980137257, 22.999267926896877, 17.49879996589982, 13.649716743975144, 13.904505851184737, 17.973884304416515, 23.474765654792332, 25.16368528758838, 22.492620688989653, 17.565338010794488, 13.878335692279762, 13.081532357328642, 15.772400487662406], "expected": [20.0, 25.877852522924734, 29.510565162951536, 29.510565162951536, 23.09016994374948, 16.90983005625053, 10.489434837048465, 10.489434837048467, 14.12214747707528, 23.090169943749487, 28.090169943749487, 29.510565162951526, 25.877852522924705, 19.999999999999968, 11.909830056250497, 10.0, 14.122147477075321, 20.00000000000005, 25.877852522924755, 30.0, 28.090169943749487, 20.00000000000006, 14.12214747707533, 10.489434837048499, 11.909830056250449, 16.909830056250367, 25.87785252292458, 29.510565162951465, 29.510565162951615, 23.090169943749736, 16.909830056250822, 10.489434837048567, 10.489434837048352, 14.122147477074973, 23.090169943749075, 28.090169943749228, 29.510565162951682, 25.877852522925142, 20.000000000000508, 11.909830056250856, 10.0, 14.122147477074769, 19.999999999999385, 25.877852522924233, 30.0, 28.09016994374987, 20.00000000000076, 14.122147477075913, 10.489434837048698, 11.909830056250026, 16.909830056249753, 25.877852522924, 29.510565162951266, 29.510565162951814, 23.09016994375035, 16.909830056251437, 10.489434837048766, 10.489434837048151, 14.12214747707442, 23.09016994374846, 28.090169943748826, 29.51056516295188, 25.877852522925664, 20.00000000000119, 11.909830056251236, 10.0, 14.122147477074247, 19.9999999999987, 25.87785252292371, 30.0, 28.090169943750084, 20.00000000000091, 14.122147477075918, 10.489434837048702, 11.90983005625019, 25.877852522924396, 30.0, 28.090169943749583, 20.00000000000006, 14.12214747707523, 10.0, 10.489434837048545, 16.90983005625089]}