{"time": [1.9073486328125e-06, 0.0914011001586914, 0.23447799682617188, 0.3485090732574463, 0.46163511276245117, 0.5741181373596191, 0.6924850940704346, 0.8377439975738525, 0.951214075088501, 1.0661160945892334, 1.179805040359497, 1.2932400703430176, 1.4372131824493408, 1.5582211017608643, 1.6738309860229492, 1.7889020442962646, 1.9011220932006836, 2.0150508880615234, 2.1286940574645996, 2.2718939781188965, 2.3885910511016846, 2.508488178253174, 2.627855062484741, 2.7517521381378174, 2.8782341480255127, 2.9698879718780518, 3.0969839096069336, 3.22039794921875, 3.345118999481201, 3.4699912071228027, 3.5910041332244873, 3.718184232711792, 3.8111841678619385, 3.9374890327453613, 4.063337802886963, 4.190798044204712, 4.317303895950317, 4.410218954086304, 4.535043954849243, 4.663218021392822, 4.7814061641693115, 4.8961341381073, 5.010338068008423, 5.15412712097168, 5.2681169509887695, 5.382707118988037, 5.494881868362427, 5.608278036117554, 5.754782199859619, 5.869768142700195, 5.983608961105347, 6.100317001342773, 6.213865041732788, 6.330873012542725, 6.450594902038574, 6.573951005935669, 6.699773073196411, 6.825491189956665, 6.951934099197388, 7.078476905822754, 7.16992712020874, 7.296972036361694, 7.424286127090454, 7.5505499839782715, 7.677487134933472, 7.769474029541016, 7.897868871688843, 8.023837089538574, 8.153167963027954, 8.279174089431763, 8.371246099472046, 8.500246047973633, 8.6249680519104, 8.750810146331787, 8.879371881484985, 8.971554040908813, 9.099776983261108, 9.224824905395508, 9.350292921066284, 9.476643085479736, 9.567901134490967, 9.696019172668457, 9.822037935256958, 9.947303056716919], "position": [39.322550878563995, 62.01703738052362, 48.060488885251814, 39.49740996327795, 31.610290206777773, 24.062502922386486, 18.109266656488206, 15.322365114268436, 16.641504658191888, 20.561246200024872, 24.386037837839623, 26.864254964336588, 26.05409485503399, 21.78429891539136, 16.829581344453768, 13.854356678727353, 14.827934492417912, 18.25179093689024, 22.449550048624328, 25.53821579075027, 25.756252725841637, 22.622277204918987, 18.053759753675862, 14.811356295957196, 14.280326688534297, 16.906480082724563, 20.953769788882287, 24.406215550036933, 25.967067027458324, 24.055276038570277, 19.937723857007974, 15.979269464641963, 14.361972345694491, 15.565265619251099, 18.930714619966817, 23.392752010114886, 25.64838377128665, 24.46723318944278, 21.116242087874227, 16.952415321423473, 14.09927601856786, 13.817475691765333, 16.991151914126156, 21.79254594577483, 24.92334880445288, 25.331654821639397, 23.296371361422505, 18.886276882045063, 15.06632714052507, 14.369370001944844, 16.422157937577097, 20.77790522981729, 24.71002084335294, 26.2469911773219, 24.178755701081318, 20.010285848060867, 15.98338012158423, 13.839296123020025, 15.397019956266737, 19.698944493727073, 24.020066387143363, 26.627721836886504, 25.688886418068652, 21.427769744311643, 16.800391750017088, 14.17015317520553, 13.977338651402635, 17.09667169622455, 21.769723850490468, 25.224097973963257, 25.32008775515925, 22.332462109892347, 18.034210565933513, 14.721106126103265, 14.356822493632777, 17.04896735162304, 21.022381926973086, 24.450438684233568, 25.40388142882134, 23.182937763442382, 19.055448823845175, 14.982472971958495, 13.646768385152432, 14.748579738500466], "expected": [20.0, 23.090169943749473, 29.510565162951536, 29.510565162951536, 23.09016994374948, 16.90983005625053, 11.909830056250527, 10.489434837048467, 16.90983005625054, 23.090169943749487, 28.090169943749487, 30.0, 25.877852522924705, 16.909830056250478, 11.909830056250497, 10.0, 14.122147477075321, 20.00000000000005, 25.877852522924755, 30.0, 28.090169943749487, 20.00000000000006, 14.12214747707533, 10.0, 11.909830056250449, 16.909830056250367, 23.09016994374928, 29.510565162951465, 29.510565162951615, 23.090169943749736, 16.909830056250822, 10.489434837048567, 10.489434837048352, 14.122147477074973, 23.090169943749075, 28.090169943749228, 29.510565162951682, 25.877852522925142, 20.000000000000508, 11.909830056250856, 10.0, 11.909830056250176, 19.999999999999385, 28.090169943749082, 30.0, 28.09016994374987, 23.090169943750144, 14.122147477075913, 10.0, 11.909830056250026, 16.909830056249753, 25.877852522924, 29.510565162951266, 29.510565162951814, 23.09016994375035, 16.909830056251437, 11.90983005625111, 10.489434837048151, 16.90983005624948, 23.09016994374846, 28.090169943748826, 30.0, 25.877852522925664, 16.909830056251643, 11.909830056251236, 10.0, 11.909830056249772, 19.9999999999987, 28.09016994374874, 30.0, 28.090169943750084, 20.00000000000091, 14.122147477075918, 10.0, 11.90983005625019, 16.909830056250016, 23.090169943749064, 29.51056516295144, 28.090169943749583, 23.090169943749547, 16.9098300562505, 11.909830056250446, 10.489434837048545, 14.122147477075565]}