{"time": [3.0994415283203125e-06, 0.10432100296020508, 0.2453010082244873, 0.348952054977417, 0.49553704261779785, 0.6002020835876465, 0.704970121383667, 0.8453419208526611, 0.9492959976196289, 1.095715045928955, 1.2000370025634766, 1.3040719032287598, 1.4452848434448242, 1.549464225769043, 1.6960399150848389, 1.800084114074707, 1.9041118621826172, 2.0452558994293213, 2.149113178253174, 2.2960588932037354, 2.400418996810913, 2.504166841506958, 2.6453540325164795, 2.7500040531158447, 2.8958017826080322, 2.9999070167541504, 3.1042110919952393, 3.2451789379119873, 3.3494820594787598, 3.495789051055908, 3.599890947341919, 3.7048609256744385, 3.844965934753418, 3.949341058731079, 4.096013069152832, 4.200145959854126, 4.304729223251343, 4.445678234100342, 4.548813104629517, 4.695274114608765, 4.799033880233765, 4.902973890304565, 5.0452659130096436, 5.148934841156006, 5.549663066864014, 5.695091009140015, 5.801977157592773, 5.906799077987671, 6.045327186584473, 6.149861812591553, 6.295809030532837, 6.399927139282227, 6.5032289028167725, 6.644771099090576, 6.749140024185181, 6.89601993560791, 7.000161170959473, 7.1039979457855225, 7.2451629638671875, 7.349443197250366, 7.496073961257935, 7.600269079208374, 7.704699993133545, 7.845344066619873, 7.949299097061157, 8.095221042633057, 8.20045280456543, 8.304969072341919, 8.44516396522522, 8.549493074417114, 8.696045160293579, 8.800415992736816, 8.90424394607544, 9.045691013336182, 9.149134159088135, 9.295498132705688, 9.398869037628174, 9.502697944641113, 9.645045042037964, 9.749135971069336, 9.89538311958313, 9.998795986175537], "position": [40.38380747912215, 65.06489358112674, 59.62612057562622, 53.627985336021126, 46.82983477470394, 39.51566679064799, 33.17458225100404, 29.726237860423407, 28.930321834352636, 29.35385916424725, 29.732835347097623, 28.889028458809086, 26.418144962269885, 23.04605403729151, 20.045827108704525, 19.090713488460636, 20.480983327445113, 22.715925854796023, 25.254431090059434, 26.91708399740151, 25.593281469819914, 22.16284282455266, 18.55647823587242, 16.793636604406647, 16.59749412304304, 18.662652472222646, 21.99012388911631, 24.20745941193242, 24.472085625552367, 23.020344294491114, 19.678884009538713, 16.941551093514942, 16.189929959582166, 17.183892147363864, 19.756892984462425, 22.042021940818234, 22.378199554657378, 21.01869523641693, 18.120394294760647, 15.257640301091262, 13.831198992629101, 14.830776015074337, 17.885139383326816, 21.472271019809533, 28.263666085074235, 25.171554597497906, 22.988286563296104, 23.3273937412719, 24.75082242469388, 26.61910497002208, 27.673841336784857, 26.316323213484573, 22.791911149372794, 19.094675394126696, 16.92209983127572, 16.689980051882024, 19.28776577396638, 22.95470296586203, 25.070418025741088, 25.244405040853856, 23.711777748480884, 20.67389432523547, 17.97327172463438, 16.723792198263123, 17.930965777503445, 20.32494407553896, 22.444171121421736, 22.605170567996154, 21.23578442109534, 18.366028319623467, 15.401823221259429, 14.458195787520578, 15.858928900483273, 18.767663028026806, 21.871979019039202, 24.043915769196637, 23.696360836385477, 21.098704186577617, 17.720008066781407, 15.56556652041826, 15.383303767306346, 17.96047699641552], "expected": [20.0, 25.877852522924734, 29.510565162951536, 29.510565162951536, 23.09016994374948, 14.12214747707527, 10.489434837048465, 10.489434837048467, 14.12214747707528, 23.090169943749487, 29.510565162951544, 29.510565162951526, 25.877852522924705, 19.999999999999968, 11.909830056250497, 10.48943483704848, 14.122147477075321, 20.00000000000005, 25.877852522924755, 30.0, 25.877852522924766, 20.00000000000006, 14.12214747707533, 10.0, 11.909830056250449, 16.909830056250367, 25.87785252292458, 29.510565162951465, 29.510565162951615, 23.090169943749736, 16.909830056250822, 10.489434837048567, 10.489434837048352, 14.122147477074973, 23.090169943749075, 29.5105651629514, 29.510565162951682, 25.877852522925142, 20.000000000000508, 11.909830056250856, 10.0, 14.122147477074769, 19.999999999999385, 25.877852522924233, 20.00000000000076, 11.909830056250982, 10.489434837048218, 14.122147477074595, 19.999999999999133, 25.877852522924, 30.0, 28.090169943750038, 20.000000000000973, 14.122147477076087, 10.489434837048766, 11.909830056249898, 19.999999999998916, 25.877852522923828, 29.51056516295118, 29.51056516295188, 23.090169943750624, 14.122147477076261, 10.489434837048854, 10.489434837048085, 14.122147477074247, 23.090169943748258, 29.510565162951178, 29.510565162951885, 25.87785252292555, 20.00000000000091, 11.909830056250987, 10.489434837048261, 14.12214747707482, 19.999999999999552, 25.877852522924396, 30.0, 28.090169943749583, 20.00000000000006, 14.12214747707523, 10.489434837048417, 11.909830056250689, 16.90983005625089]}