{"time": [2.86102294921875e-06, 0.10429191589355469, 0.2451801300048828, 0.34997010231018066, 0.49620604515075684, 0.6004250049591064, 0.7044079303741455, 0.8633439540863037, 0.9667770862579346, 1.0713770389556885, 1.2119760513305664, 1.3161020278930664, 1.4627799987792969, 1.5668981075286865, 1.6710700988769531, 1.8125810623168945, 1.9160711765289307, 2.0621631145477295, 2.1646199226379395, 2.2699079513549805, 2.412254810333252, 2.5161020755767822, 2.662248134613037, 2.7653050422668457, 2.86978816986084, 3.012315034866333, 3.1160809993743896, 3.2629759311676025, 3.362093925476074, 3.4664599895477295, 3.6125411987304688, 3.7166929244995117, 3.820333957672119, 3.9622838497161865, 4.06620192527771, 4.212659120559692, 4.317264080047607, 4.421147108078003, 4.562302112579346, 4.666754961013794, 4.805847883224487, 4.916013956069946, 5.062653064727783, 5.167038202285767, 5.265750885009766, 5.412945985794067, 5.517404079437256, 5.621048927307129, 5.762091875076294, 5.866093873977661, 6.012922048568726, 6.117419004440308, 6.22117280960083, 6.362180948257446, 6.466473817825317, 6.612639904022217, 6.716885805130005, 6.82157301902771, 6.9620749950408936, 7.066227197647095, 7.212971925735474, 7.317857980728149, 7.42145299911499, 7.562138080596924, 7.667057037353516, 7.812937021255493, 7.917283058166504, 8.021275043487549, 8.16201114654541, 8.266840934753418, 8.412721157073975, 8.517044067382812, 8.620816946029663, 8.762111902236938, 8.866202116012573, 9.012683868408203, 9.117396831512451, 9.222026824951172, 9.361933946609497, 9.466469049453735, 9.612691164016724, 9.71757197380066, 9.821160078048706, 9.962088108062744], "position": [43.39255233190515, 66.93884908711594, 63.45401865662248, 58.7358165529458, 52.77216294308854, 46.00793061116953, 40.667191736573926, 38.16917991509383, 38.225221964724724, 39.41210416695561, 39.29148019894339, 37.467000970973636, 34.100594394692074, 29.34145492766804, 25.09340374317773, 23.009034405404183, 23.373735040188407, 25.35985186081798, 27.66136821679067, 28.493318537508788, 26.940781519222185, 23.471745827710883, 20.049056086504848, 18.717747130048146, 19.234467851354413, 20.85062325488399, 23.45503984979606, 25.17541976261856, 24.42095095459929, 21.442770182516835, 18.23911016247528, 16.51152019477673, 16.680551713906855, 18.562284778548207, 21.40477873316339, 23.338680751858213, 23.366929105833275, 21.670967995801885, 19.00873250920323, 16.617253289253732, 15.649170463532744, 17.079061521686793, 19.483981705848066, 21.646055294662936, 22.99869940363709, 22.472914068491242, 19.77784305218986, 16.313905989035263, 14.305004958996873, 14.768485498345028, 16.913326290154984, 19.990280973317436, 22.13373428397291, 21.758202518506167, 19.146204130374347, 16.29312510879784, 14.847269238312316, 15.240387263146172, 17.32187779731562, 20.308867020568883, 22.340439025106715, 22.457708164192457, 20.842943837874905, 18.25473066029048, 15.930621039547859, 15.02371875417648, 16.509083356952377, 19.554706053359055, 22.319437279562077, 23.174977935596694, 22.248724119159125, 19.671735859556197, 16.233624549457325, 14.301908172885938, 14.80602359567452, 16.92940826767582, 19.988965620874872, 22.11985574301036, 21.736391495159868, 19.151703336374492, 16.35797677805687, 14.994137182256111, 14.914771114402273, 17.0926417441507], "expected": [20.0, 25.877852522924734, 29.510565162951536, 29.510565162951536, 23.09016994374948, 14.12214747707527, 10.489434837048465, 11.90983005625053, 16.90983005625054, 23.090169943749487, 29.510565162951544, 29.510565162951526, 23.090169943749444, 16.909830056250478, 11.909830056250497, 10.48943483704848, 14.122147477075321, 23.09016994374952, 28.09016994374948, 30.0, 25.877852522924766, 20.00000000000006, 11.909830056250582, 10.0, 11.909830056250449, 19.999999999999815, 25.87785252292458, 30.0, 28.090169943749615, 23.090169943749736, 14.122147477075506, 10.489434837048567, 10.489434837048352, 16.90983005625016, 23.090169943749075, 29.5105651629514, 29.510565162951682, 25.877852522925142, 16.909830056251025, 11.909830056250856, 10.489434837048284, 14.122147477074769, 23.090169943748872, 28.090169943749082, 30.0, 25.877852522925316, 20.00000000000076, 14.122147477075913, 10.0, 11.909830056250026, 19.999999999999133, 25.877852522924, 29.510565162951266, 28.090169943750038, 23.09016994375035, 14.122147477076087, 10.489434837048766, 10.489434837048151, 16.90983005624948, 23.09016994374846, 29.51056516295118, 29.51056516295188, 25.877852522925664, 16.909830056251643, 11.909830056251236, 10.489434837048085, 14.122147477074247, 19.9999999999987, 28.09016994374874, 30.0, 25.87785252292555, 20.00000000000091, 14.122147477075918, 10.0, 11.90983005625019, 19.999999999999552, 25.877852522924396, 29.51056516295144, 28.090169943749583, 23.090169943749547, 14.12214747707523, 10.489434837048417, 10.489434837048545, 16.90983005625089]}