{"time": [5.245208740234375e-06, 0.1757340431213379, 0.3483161926269531, 0.5206961631774902, 0.6930742263793945, 0.8652961254119873, 1.0370283126831055, 1.2091221809387207, 1.3804571628570557, 1.5533761978149414, 1.724999189376831, 1.897956132888794, 2.069118022918701, 2.240255117416382, 2.411555290222168, 2.5809831619262695, 2.753476142883301, 2.9246621131896973, 3.0982911586761475, 3.269637107849121, 3.439289093017578, 3.6094281673431396, 3.780466318130493, 3.9531662464141846, 4.1265013217926025, 4.29746413230896, 4.468731164932251, 4.646341323852539, 4.8171610832214355, 4.988912343978882, 5.166102170944214, 5.337959289550781, 5.508816242218018, 5.685184001922607, 5.857165098190308, 6.029019355773926, 6.203785181045532, 6.372150182723999, 6.545239210128784, 6.716463327407837, 6.888016223907471, 7.0606842041015625, 7.231727123260498, 7.404438018798828, 7.576801061630249, 7.7487711906433105, 7.920198202133179, 8.09271502494812, 8.263898134231567, 8.431360006332397, 8.601680278778076, 8.773389101028442, 8.945458173751831, 9.117032051086426, 9.289441108703613, 9.461035013198853, 9.632952213287354, 9.805147171020508, 9.97690224647522], "position": [19.86328125, 19.86328125, 19.86328125, 19.86328125, 19.86328125, 19.86328125, 19.86328125, 19.86328125, 19.86328125, 19.86328125, 19.86328125, 19.86328125, 19.86328125, 19.86328125, 19.86328125, 19.86328125, 19.86328125, 19.86328125, 19.86328125, 19.86328125, 19.86328125, 19.86328125, 19.86328125, 19.86328125, 19.86328125, 19.86328125, 19.86328125, 19.86328125, 19.86328125, 19.86328125, 19.86328125, 19.86328125, 19.86328125, 19.86328125, 19.86328125, 19.86328125, 19.86328125, 19.86328125, 19.86328125, 19.86328125, 19.86328125, 19.86328125, 19.86328125, 19.86328125, 19.86328125, 19.86328125, 19.86328125, 19.86328125, 19.86328125, 19.86328125, 19.86328125, 19.86328125, 19.86328125, 19.86328125, 19.86328125, 19.86328125, 19.86328125, 19.86328125, 19.86328125], "expected": [20.0, 28.090169943749473, 29.510565162951536, 20.000000000000007, 11.909830056250527, 11.90983005625053, 20.000000000000014, 29.510565162951544, 28.090169943749455, 16.909830056250478, 10.48943483704845, 11.909830056250554, 23.09016994374952, 29.51056516295154, 25.877852522924766, 16.909830056250584, 10.0, 14.122147477075147, 23.09016994374928, 30.0, 25.87785252292494, 14.122147477075506, 10.0, 16.90983005625016, 25.87785252292438, 30.0, 23.09016994374994, 14.12214747707571, 10.489434837048284, 16.909830056249955, 28.090169943749082, 29.51056516295175, 20.00000000000076, 11.909830056250982, 11.909830056250026, 19.999999999999133, 29.510565162951266, 28.090169943750038, 20.000000000000973, 10.489434837048766, 11.909830056249898, 23.09016994374846, 29.51056516295118, 25.877852522925664, 16.909830056251643, 10.489434837048854, 14.122147477074247, 23.090169943748258, 30.0, 25.87785252292555, 14.122147477075918, 10.0, 14.12214747707482, 25.877852522924396, 30.0, 23.090169943749547, 14.12214747707523, 10.489434837048545, 16.90983005625089]}