{"time": [4.76837158203125e-06, 0.14017200469970703, 0.2442798614501953, 0.34854698181152344, 0.4893968105316162, 0.5933828353881836, 0.7401669025421143, 0.8445696830749512, 0.9485988616943359, 1.0891649723052979, 1.193598985671997, 1.3402249813079834, 1.4442927837371826, 1.548600673675537, 1.6892719268798828, 1.793874740600586, 1.9400460720062256, 2.044006824493408, 2.1484107971191406, 2.2890028953552246, 2.3934948444366455, 2.5401248931884766, 2.6444637775421143, 2.7489278316497803, 2.889575719833374, 2.993790864944458, 3.1402978897094727, 3.2446489334106445, 3.352541923522949, 3.464301824569702, 3.606060028076172, 3.7105348110198975, 3.8568990230560303, 3.959780693054199, 4.064425945281982, 4.2060956954956055, 4.31022572517395, 4.456496715545654, 4.560441732406616, 4.665353775024414, 4.8060829639434814, 4.910521745681763, 5.056653022766113, 5.160867691040039, 5.265642881393433, 5.406040668487549, 5.5104968547821045, 5.656745910644531, 5.761290788650513, 5.865293025970459, 6.006082057952881, 6.1102378368377686, 6.257116794586182, 6.3596367835998535, 7.363634824752808, 7.506069898605347, 7.6101648807525635, 7.756696701049805, 7.8603739738464355, 7.9643566608428955, 8.105782985687256, 8.210117816925049, 8.358093023300171, 8.460193872451782, 8.5636568069458, 8.706140756607056, 8.809666872024536, 8.956018924713135, 9.059948921203613, 9.163794755935669, 9.305810928344727, 9.409942865371704, 9.559378862380981, 9.66020393371582, 9.763907670974731, 9.90583872795105], "position": [32.36315646891686, 66.53340179417236, 53.74149896788239, 43.90238582655502, 35.269988325652044, 26.971834144035842, 20.424593128872672, 17.170471356084107, 17.30775204476313, 20.140777077242358, 23.838301901044453, 25.711454374830048, 24.586537953381317, 21.107736078979475, 17.144957493703878, 14.575348035089974, 14.874954343571293, 18.088487756185437, 22.360122832860164, 25.27214978952431, 25.394283144587366, 22.70201461199592, 18.42590220724953, 14.815386621664413, 14.035746577227318, 16.52103193954442, 20.564760492395667, 24.216767437774983, 25.040655069253734, 22.67388907126756, 18.94517540308339, 15.314128748345162, 14.36861327505459, 16.77215183521551, 20.7681998884954, 24.278643160936685, 25.57687070245445, 23.96481503910665, 19.96002022627059, 15.863491857499866, 14.004856240666346, 15.138169673399663, 18.70766868001308, 22.926968077778774, 25.595521591763553, 25.123181483472177, 21.777293890079683, 17.53566738231957, 14.770451344107181, 14.638123197913718, 17.34916522696504, 21.606771761243927, 24.763637005000334, 22.655908148253687, 23.567875567178838, 22.408495026572886, 18.16983877964297, 15.007138510668545, 14.684421458747359, 17.137753090939235, 20.980230055938296, 24.487520700198306, 25.560749772028764, 23.257366354951465, 19.185276713662628, 15.606771151659366, 14.297647478656858, 15.892214973882897, 19.84701624386751, 23.944639138529354, 25.904974338354236, 24.788639853486508, 21.139904629493728, 16.91633535443015, 14.23656291301356, 14.677074513574139], "expected": [20.0, 25.877852522924734, 29.510565162951536, 29.510565162951536, 23.09016994374948, 16.90983005625053, 10.489434837048465, 10.489434837048467, 14.12214747707528, 23.090169943749487, 28.090169943749487, 29.510565162951526, 25.877852522924705, 19.999999999999968, 11.909830056250497, 10.0, 14.122147477075321, 20.00000000000005, 25.877852522924755, 30.0, 28.090169943749487, 20.00000000000006, 14.12214747707533, 10.489434837048499, 11.909830056250449, 16.909830056250367, 25.87785252292458, 29.510565162951465, 28.090169943749615, 23.090169943749736, 14.122147477075506, 10.489434837048567, 11.909830056250302, 16.90983005625016, 23.090169943749075, 29.5105651629514, 29.510565162951682, 23.09016994374994, 16.909830056251025, 11.909830056250856, 10.489434837048284, 14.122147477074769, 23.090169943748872, 28.090169943749082, 30.0, 25.877852522925316, 20.00000000000076, 11.909830056250982, 10.0, 11.909830056250026, 19.999999999999133, 25.877852522924, 30.0, 28.090169943750038, 28.090169943750162, 20.00000000000119, 14.122147477076261, 10.0, 11.909830056249772, 16.909830056249273, 25.87785252292371, 29.510565162951178, 28.090169943750084, 23.090169943750354, 16.909830056251373, 10.489434837048702, 10.489434837048261, 16.909830056250016, 23.090169943749064, 28.090169943749284, 29.510565162951597, 25.877852522924805, 16.9098300562505, 11.909830056250446, 10.0, 14.122147477075565]}