{"time": [1.6689300537109375e-06, 0.09846282005310059, 0.20603084564208984, 0.34412169456481934, 0.44844889640808105, 0.597877025604248, 0.6988518238067627, 0.8100166320800781, 0.9371688365936279, 1.0690147876739502, 1.19580078125, 1.2999260425567627, 1.4033217430114746, 1.5445618629455566, 1.648770809173584, 1.7954659461975098, 1.8994698524475098, 2.003582000732422, 2.1443610191345215, 2.2489049434661865, 2.395045757293701, 2.499379873275757, 2.603677988052368, 2.744485855102539, 2.848869800567627, 2.995382785797119, 3.0994207859039307, 3.2037770748138428, 3.344749689102173, 3.4488167762756348, 3.5954246520996094, 3.6992766857147217, 3.8038928508758545, 3.9446017742156982, 4.048962831497192, 4.195494890213013, 4.299578905105591, 4.402077913284302, 4.544619798660278, 4.647824764251709, 4.794993877410889, 4.898512840270996, 5.002411603927612, 5.144598007202148, 5.2484166622161865, 5.394714832305908, 5.4986608028411865, 5.6035308837890625, 5.7450268268585205, 5.848902940750122, 5.995309829711914, 6.0994627475738525, 6.203572988510132, 6.344580888748169, 6.448809862136841, 6.59522271156311, 6.699265003204346, 6.804147958755493, 6.94435977935791, 7.048223972320557, 7.19547176361084, 7.300534725189209, 7.404315948486328, 7.54451584815979, 7.648903846740723, 7.795747756958008, 7.8995747566223145, 8.003722906112671, 8.14467477798462, 8.24870777130127, 8.395415782928467, 8.499732971191406, 8.60405683517456, 8.744828939437866, 8.84928584098816, 8.995160818099976, 9.09923267364502, 9.203390836715698, 9.344545841217041, 9.454020738601685, 9.596174716949463, 9.73679780960083, 9.848608016967773, 9.995473861694336], "position": [45.99622319293042, 68.18683133866891, 65.3640299756513, 60.59793793901018, 54.14368038893036, 47.30316973479818, 41.15433455308027, 37.41973786596554, 36.39880889924735, 36.612203553622976, 36.77611672125371, 35.82748009728941, 33.297891686594745, 29.3087649651787, 25.222142832551164, 22.65824323749887, 22.605254578429218, 24.861058167918536, 27.438852838927225, 28.606963832088717, 27.972175052236654, 25.150532521933723, 21.49250791603894, 18.793997121670884, 18.05189625548308, 19.632208754378322, 22.737189668634272, 24.904758447772046, 25.199697215180837, 23.79295998826512, 21.386929213348527, 19.222351470715815, 18.427023897243732, 19.366835521864743, 21.908953005665285, 24.15436450634237, 24.50558612552693, 23.139595041956067, 20.77140725724709, 18.051285410626043, 16.20722779716631, 16.838977936686717, 19.696205711161827, 22.812237997658485, 24.461495750209714, 24.201363647759372, 21.665894902238694, 18.267814716268074, 16.375462179990542, 16.402953292407524, 18.16703402461337, 21.461371291523488, 23.800337654911957, 24.191694915510165, 22.820813601782223, 20.4494176223085, 18.318023215052005, 17.582552390127244, 18.630046505202465, 21.292305977516797, 23.642445387417926, 23.45303007336413, 21.57237991420454, 19.322462820491975, 16.709763859576874, 14.962966942598669, 15.69151736153583, 18.645253359983126, 21.84828579740218, 23.576287566748945, 23.387476497096706, 20.916668922532818, 17.57702301433485, 15.737119501492765, 15.811620751369524, 17.617861093165715, 20.950051384457698, 23.32330790402867, 23.745820376487973, 21.831560614189026, 18.29368584497217, 16.954151029224636, 16.89970890175624, 18.590347468594004], "expected": [20.0, 23.090169943749473, 29.510565162951536, 29.510565162951536, 25.877852522924734, 16.90983005625053, 11.909830056250527, 10.489434837048467, 14.12214747707528, 23.090169943749487, 28.090169943749487, 30.0, 25.877852522924705, 19.999999999999968, 14.122147477075229, 10.0, 11.909830056250554, 20.00000000000005, 25.877852522924755, 29.51056516295154, 28.090169943749487, 23.09016994374953, 14.12214747707533, 10.489434837048499, 10.48943483704843, 16.909830056250367, 23.09016994374928, 29.510565162951465, 29.510565162951615, 25.87785252292494, 16.909830056250822, 11.909830056250708, 10.489434837048352, 14.122147477074973, 19.9999999999996, 28.090169943749228, 30.0, 25.877852522925142, 20.000000000000508, 14.12214747707571, 10.0, 11.909830056250176, 19.999999999999385, 25.877852522924233, 29.510565162951334, 28.09016994374987, 23.090169943750144, 14.122147477075913, 10.489434837048698, 10.489434837048218, 16.909830056249753, 23.090169943748666, 29.510565162951266, 29.510565162951814, 25.87785252292549, 16.909830056251437, 11.90983005625111, 10.489434837048151, 14.12214747707442, 19.999999999998916, 28.090169943748826, 29.51056516295188, 25.877852522925664, 20.00000000000119, 14.122147477076261, 10.0, 11.909830056249772, 19.9999999999987, 25.87785252292371, 29.510565162951178, 28.090169943750084, 23.090169943750354, 14.122147477075918, 10.489434837048702, 10.489434837048261, 16.909830056250016, 23.090169943749064, 29.51056516295144, 29.510565162951597, 23.090169943749547, 16.9098300562505, 10.489434837048417, 10.489434837048545, 16.90983005625089]}