{"time": [3.0994415283203125e-06, 0.10671615600585938, 0.2515981197357178, 0.37071895599365234, 0.4857332706451416, 0.5995471477508545, 0.7287380695343018, 0.8519139289855957, 0.9726271629333496, 1.0924911499023438, 1.216750144958496, 1.3084962368011475, 1.4312241077423096, 1.5537631511688232, 1.680185079574585, 1.8085429668426514, 1.9326720237731934, 2.054396152496338, 2.1761720180511475, 2.3053722381591797, 2.4198930263519287, 2.5415422916412354, 2.664447069168091, 2.792969226837158, 2.9168472290039062, 3.0092031955718994, 3.1334421634674072, 3.2577033042907715, 3.38070011138916, 3.502958059310913, 3.6203372478485107, 3.734805107116699, 3.8510560989379883, 3.967013120651245, 4.113495111465454, 4.231319189071655, 4.350771903991699, 4.467060089111328, 4.582381010055542, 4.697591066360474, 4.81875205039978, 4.933890104293823, 5.048457145690918, 5.190747261047363, 5.309802055358887, 5.4331560134887695, 5.555026292800903, 5.673753023147583, 5.7941203117370605, 5.894578218460083, 6.013928174972534, 6.131152153015137, 6.275291204452515, 6.395094156265259, 6.5130391120910645, 6.639358282089233, 6.734750270843506, 6.860304117202759, 6.985672235488892, 7.1141791343688965, 7.238778114318848, 7.331895112991333, 7.459238290786743, 7.5871381759643555, 7.715810060501099, 7.8065972328186035, 7.9334352016448975, 8.060059070587158, 8.18485713005066, 8.30878734588623, 8.436654090881348, 8.528131008148193, 8.652079105377197, 8.775870323181152, 8.902515888214111, 9.027054071426392, 9.155206203460693, 9.248134136199951, 9.373450994491577, 9.500062942504883, 9.625401020050049, 9.749914169311523, 9.87303113937378, 9.99622392654419], "position": [32.52791425662208, 66.77760938857773, 53.965911831009144, 43.23725863713786, 34.16518975529258, 26.157742906522607, 19.988084743533165, 17.37247965528392, 18.37393545363136, 21.518072811902286, 24.631105439155235, 25.698587140738507, 24.381552640602848, 20.91070945916797, 16.18673719464469, 14.2140998696303, 15.239747759673856, 18.751331730365763, 23.021269768205727, 25.178811304381874, 24.313297962339533, 21.268746829631908, 17.32570543819168, 14.483941099920303, 14.920336093959975, 18.549332265273318, 22.658839837955984, 25.265522712224257, 25.536588187295543, 22.634463055621413, 18.27734207626301, 14.830573394609814, 14.206185165753867, 16.627460258372498, 20.53377854267514, 24.151827471374997, 25.12917967849679, 22.9159806067274, 19.28262661937696, 15.562388773809834, 13.928174469853394, 15.054301080719089, 18.31978307645417, 22.298524967308197, 24.563185589227405, 23.97271095091139, 20.69017415248708, 16.562631030097844, 14.081170020038742, 14.220128360789971, 17.340005210974446, 21.674141439085105, 24.753448288003362, 25.21397753610227, 22.428284537021344, 18.163266005652872, 14.763307648228364, 14.12965967123802, 16.35916419069779, 20.400835956144487, 24.161282517015287, 25.517370625893328, 23.68125059696781, 19.912544852552777, 16.245851738687506, 14.601672220434201, 15.539584616023834, 18.866532044791825, 23.035717666454367, 25.136553800939634, 24.405143188143523, 20.964850804011885, 16.77058280079697, 14.128361565824763, 14.60472289880337, 17.86336942412707, 21.998503939675764, 25.3044555176017, 25.88280115528437, 22.93051808440123, 18.571806980714687, 15.064873509883217, 14.332419896054532, 16.744503247629865], "expected": [20.0, 25.877852522924734, 30.0, 28.090169943749473, 23.09016994374948, 16.90983005625053, 10.489434837048465, 11.90983005625053, 16.90983005625054, 23.090169943749487, 29.510565162951544, 29.510565162951526, 25.877852522924705, 16.909830056250478, 11.909830056250497, 10.48943483704848, 14.122147477075321, 23.09016994374952, 28.09016994374948, 29.510565162951544, 25.877852522924766, 20.00000000000006, 11.909830056250582, 10.0, 14.122147477075147, 19.999999999999815, 25.87785252292458, 30.0, 28.090169943749615, 20.00000000000029, 14.122147477075506, 10.489434837048567, 11.909830056250302, 16.90983005625016, 25.87785252292438, 29.5105651629514, 28.090169943749764, 23.09016994374994, 16.909830056251025, 11.909830056250856, 10.489434837048284, 14.122147477074769, 19.999999999999385, 28.090169943749082, 29.51056516295175, 25.877852522925316, 16.90983005625123, 11.909830056250982, 10.0, 11.909830056250026, 19.999999999999133, 25.877852522924, 30.0, 28.090169943750038, 20.000000000000973, 14.122147477076087, 10.489434837048766, 11.909830056249898, 16.90983005624948, 25.877852522923828, 29.51056516295118, 29.51056516295188, 23.090169943750624, 16.909830056251643, 10.489434837048854, 10.489434837048085, 14.122147477074247, 23.090169943748258, 28.09016994374874, 29.510565162951885, 25.87785252292555, 20.00000000000091, 11.909830056250987, 10.0, 14.12214747707482, 19.999999999999552, 28.090169943749284, 29.51056516295144, 28.090169943749583, 20.00000000000006, 14.12214747707523, 10.489434837048417, 11.909830056250689, 16.90983005625089]}