{"time": [4.76837158203125e-06, 0.1369318962097168, 0.24125170707702637, 0.3874037265777588, 0.49157094955444336, 0.5962088108062744, 0.7367796897888184, 0.841088056564331, 0.9877057075500488, 1.091836929321289, 1.1956708431243896, 1.3366458415985107, 1.4408106803894043, 1.5876009464263916, 1.6918988227844238, 1.7956926822662354, 1.9367458820343018, 2.041372776031494, 2.1877949237823486, 2.2909069061279297, 2.4368200302124023, 2.5402629375457764, 2.6435017585754395, 2.786726951599121, 2.89040470123291, 3.0366547107696533, 3.136439800262451, 3.24477481842041, 3.3863255977630615, 3.490311861038208, 3.637037754058838, 3.7404637336730957, 3.8444669246673584, 3.9872238636016846, 4.090765714645386, 4.2366297245025635, 4.340347766876221, 4.4443747997283936, 4.586686849594116, 4.691150903701782, 4.836473703384399, 4.940566778182983, 5.04029393196106, 5.187253713607788, 5.2904298305511475, 5.395100831985474, 5.5377726554870605, 5.64133095741272, 5.787737846374512, 5.892136812210083, 5.9959917068481445, 6.136768817901611, 6.240748643875122, 6.387763977050781, 6.492173671722412, 6.596546649932861, 6.736725807189941, 6.841031789779663, 6.987750768661499, 7.092087745666504, 7.195940732955933, 7.337172985076904, 7.4415528774261475, 7.587698936462402, 7.690889835357666, 7.795929908752441, 7.936916828155518, 8.040753841400146, 8.187719821929932, 8.291828870773315, 8.553391933441162, 8.657193899154663, 8.761137962341309, 8.90343976020813, 9.007032871246338, 9.153676748275757, 9.25731372833252, 9.361526727676392, 9.503507852554321, 9.607308864593506, 9.75361180305481, 9.857857704162598, 9.962365865707397], "position": [39.76312083847729, 63.18981166216542, 52.88011777236674, 44.62781079551678, 36.20019703321244, 28.179847590363675, 21.925758337767103, 19.12782942624238, 19.434701132962, 22.280331972989533, 25.01112315714168, 26.076250683590477, 24.50587075875899, 20.94889242122589, 17.134673172927325, 14.638141127406145, 15.042047733020238, 18.25606619703608, 22.20005726648212, 24.278240635863742, 23.800659657788362, 20.885886289597842, 17.047767791834584, 14.649004951949763, 14.980798100648844, 17.554544437927344, 21.454176930635064, 24.86584219047085, 25.634622825900937, 23.362056065390245, 19.30642389696992, 15.7569342203722, 14.653537678348979, 16.182037808771614, 19.652350626061015, 23.403286149594802, 24.7072505419998, 23.491160986876928, 20.484574391482457, 16.86617744769062, 14.934730813179414, 16.07269378479096, 19.272014258530064, 22.661902702450906, 24.605690475685154, 24.62831013576971, 22.30604804220217, 18.487867481333137, 15.697888878330172, 15.492809468023575, 17.61046955625156, 21.244664790886496, 24.009212094374927, 24.648005965383067, 22.467966549461842, 18.916626172249252, 15.755776563095946, 14.657795538840421, 16.222202953967216, 19.982117724799597, 23.43961668073311, 25.25393444548472, 24.007891451900996, 20.49024093458743, 16.63901363595518, 14.448209619801611, 14.836581640047681, 18.04448953157799, 22.06581800722008, 26.32388962272571, 24.361837864970774, 19.803740829053023, 16.593790626471677, 16.24390765179811, 18.966214859913514, 22.378245334909014, 24.853395753575864, 24.87704929634646, 22.388092095183918, 18.561500704861636, 15.80290045608431, 15.645408167175587, 17.805951277691033], "expected": [20.0, 25.877852522924734, 29.510565162951536, 28.090169943749473, 23.09016994374948, 16.90983005625053, 10.489434837048465, 10.489434837048467, 16.90983005625054, 23.090169943749487, 28.090169943749487, 29.510565162951526, 25.877852522924705, 16.909830056250478, 11.909830056250497, 10.0, 14.122147477075321, 20.00000000000005, 28.09016994374948, 30.0, 25.877852522924766, 20.00000000000006, 14.12214747707533, 10.0, 11.909830056250449, 19.999999999999815, 25.87785252292458, 29.510565162951465, 28.090169943749615, 23.090169943749736, 14.122147477075506, 10.489434837048567, 10.489434837048352, 16.90983005625016, 23.090169943749075, 29.5105651629514, 29.510565162951682, 25.877852522925142, 16.909830056251025, 11.909830056250856, 10.489434837048284, 14.122147477074769, 19.999999999999385, 28.090169943749082, 30.0, 28.09016994374987, 20.00000000000076, 14.122147477075913, 10.0, 11.909830056250026, 16.909830056249753, 25.877852522924, 29.510565162951266, 28.090169943750038, 23.09016994375035, 16.909830056251437, 10.489434837048766, 10.489434837048151, 16.90983005624948, 23.09016994374846, 28.090169943748826, 29.51056516295188, 25.877852522925664, 16.909830056251643, 11.909830056251236, 10.0, 14.122147477074247, 19.9999999999987, 28.09016994374874, 30.0, 16.909830056251373, 11.909830056250987, 10.0, 14.12214747707482, 19.999999999999552, 28.090169943749284, 30.0, 28.090169943749583, 20.00000000000006, 14.12214747707523, 10.0, 11.909830056250689, 16.90983005625089]}