{"time": [3.814697265625e-06, 0.11520195007324219, 0.24187088012695312, 0.36647486686706543, 0.4901618957519531, 0.6201248168945312, 0.7431550025939941, 0.8634419441223145, 0.9552938938140869, 1.080085039138794, 1.2051069736480713, 1.3302390575408936, 1.4536068439483643, 1.577920913696289, 1.7042109966278076, 1.7934846878051758, 1.918233871459961, 2.0421619415283203, 2.1668617725372314, 2.290437936782837, 2.416066884994507, 2.5423150062561035, 2.664935827255249, 2.7557358741760254, 2.8802807331085205, 3.003544807434082, 3.1226158142089844, 3.236679792404175, 3.3812389373779297, 3.496189832687378, 3.611327886581421, 3.7253739833831787, 3.841064929962158, 3.9558448791503906, 4.0994250774383545, 4.214732885360718, 4.330199718475342, 4.443702936172485, 4.559046983718872, 4.673564910888672, 4.824090957641602, 4.9130120277404785, 5.03558874130249, 5.161402940750122, 5.287917852401733, 5.412628889083862, 5.536589860916138, 5.659977912902832, 5.785068035125732, 5.876311779022217, 6.004104852676392, 6.1283159255981445, 6.25314474105835, 6.378468751907349, 6.502516031265259, 6.5925798416137695, 6.716524124145508, 6.880931854248047, 7.002707004547119, 7.093420743942261, 7.218074798583984, 7.340734004974365, 7.462215900421143, 7.5879130363464355, 7.715185880661011, 7.839390993118286, 7.965587854385376, 8.056318044662476, 8.184289693832397, 8.311153888702393, 8.43860673904419, 8.564814805984497, 8.654388904571533, 8.78484582901001, 8.902766704559326, 9.028861999511719, 9.14774489402771, 9.267827033996582, 9.381685018539429, 9.49639892578125, 9.614145040512085, 9.732813835144043, 9.881564855575562, 9.99967098236084], "position": [31.795224335704024, 66.5967115397797, 54.169869886461115, 43.617669573080406, 34.543263685539756, 26.287392385860805, 19.88774053368324, 17.34639484058364, 18.740307555092052, 21.96792294766351, 24.932062689020075, 26.122062836483632, 24.238255558791344, 20.21899124224597, 16.426425311047193, 14.13558316070761, 14.815363093577492, 17.980147495421228, 22.06618326633921, 24.971198961116805, 24.682499051413632, 21.645320455977643, 17.581607792065604, 14.772883403522288, 14.49318532198662, 17.194257824263254, 21.525847246461858, 24.896400976566586, 25.675916996249757, 23.423379038209166, 19.204629541874308, 15.420531893403737, 14.044327382566918, 15.860354358061219, 19.70625933128878, 23.353433348575656, 25.143386653264823, 24.172263615942292, 20.623535239047875, 16.422474929146475, 14.291597541641055, 15.59399532191757, 18.875372045536412, 22.600736924459856, 25.414477832487844, 25.08955331535645, 21.838977209472404, 17.69428190468806, 14.826759268144473, 14.693411842008176, 17.54978999016062, 21.662985431532913, 24.630415667557262, 25.12974686473672, 22.655025585487834, 18.273027107770535, 14.412530975174326, 13.677173726584495, 16.44142336627858, 21.088441302659533, 24.713485382068523, 26.027087956506247, 24.27192001251898, 20.21886689118513, 16.390471199169966, 14.481284131505987, 15.94806148204326, 20.24287122280475, 24.2249678391858, 25.778600545806135, 24.7350782246101, 21.11411894103428, 16.666304722846192, 13.972587302838146, 14.583615886786621, 17.92903452447637, 21.968549415726027, 24.825673264948048, 25.14192958545539, 22.8940639963384, 18.94089299555019, 15.266667046335026, 14.300036853505317, 16.67596118039573], "expected": [20.0, 25.877852522924734, 29.510565162951536, 28.090169943749473, 23.09016994374948, 14.12214747707527, 10.489434837048465, 11.90983005625053, 16.90983005625054, 23.090169943749487, 29.510565162951544, 29.510565162951526, 23.090169943749444, 16.909830056250478, 10.48943483704845, 10.0, 14.122147477075321, 20.00000000000005, 28.09016994374948, 30.0, 25.877852522924766, 20.00000000000006, 11.909830056250582, 10.0, 11.909830056250449, 19.999999999999815, 25.87785252292458, 29.510565162951465, 28.090169943749615, 23.090169943749736, 14.122147477075506, 10.489434837048567, 10.489434837048352, 16.90983005625016, 23.090169943749075, 29.5105651629514, 29.510565162951682, 25.877852522925142, 16.909830056251025, 11.909830056250856, 10.489434837048284, 14.122147477074769, 19.999999999999385, 28.090169943749082, 30.0, 25.877852522925316, 20.00000000000076, 11.909830056250982, 10.0, 11.909830056250026, 19.999999999999133, 25.877852522924, 30.0, 28.090169943750038, 20.000000000000973, 16.909830056251437, 10.489434837048766, 11.909830056249898, 19.999999999998916, 23.09016994374846, 29.51056516295118, 29.51056516295188, 23.090169943750624, 16.909830056251643, 10.489434837048854, 10.489434837048085, 16.909830056249273, 23.090169943748258, 28.09016994374874, 29.510565162951885, 25.87785252292555, 16.909830056251373, 11.909830056250987, 10.0, 14.12214747707482, 19.999999999999552, 25.877852522924396, 30.0, 28.090169943749583, 23.090169943749547, 14.12214747707523, 10.489434837048417, 11.909830056250689, 16.90983005625089]}