{"time": [0.014826774597167969, 0.017838001251220703, 0.02071690559387207, 0.030235767364501953, 0.03350687026977539, 0.03626680374145508, 0.03923988342285156, 0.05007481575012207, 0.05262899398803711, 0.05561995506286621, 0.05834388732910156, 0.06882572174072266, 0.07152581214904785, 0.07417893409729004, 0.07691383361816406, 0.08033871650695801, 0.08924674987792969, 0.09165096282958984, 0.09398794174194336, 0.09698987007141113, 0.0993657112121582, 0.10831880569458008, 0.11103367805480957, 0.11373472213745117, 0.11989974975585938, 0.12878894805908203, 0.1311657428741455, 0.13364195823669434, 0.1437077522277832, 0.14779281616210938, 0.14999699592590332, 0.1531660556793213, 0.15561270713806152, 0.15786290168762207, 0.16791176795959473, 0.17027664184570312, 0.17245888710021973, 0.17520403861999512, 0.17777395248413086, 0.17990875244140625, 0.19167375564575195, 0.19406366348266602, 0.19611477851867676, 0.19864487648010254, 0.20612764358520508, 0.21579480171203613, 0.21828770637512207, 0.2208707332611084, 0.22620892524719238, 0.2284526824951172, 0.23117685317993164, 0.24643683433532715, 0.25214195251464844, 0.2542388439178467, 0.25731873512268066, 0.26049089431762695, 0.2719259262084961, 0.2752697467803955, 0.27762508392333984, 0.28070688247680664, 0.2915499210357666, 0.29369688034057617, 0.29668092727661133, 0.29915475845336914, 0.3063206672668457, 0.30849575996398926, 0.3111388683319092, 0.31395506858825684, 0.31624484062194824, 0.3190429210662842, 0.3297388553619385, 0.33191800117492676, 0.33414697647094727, 0.33712100982666016, 0.33936572074890137, 0.34657788276672363, 0.3487987518310547, 0.35142970085144043, 0.3541538715362549, 0.3562757968902588, 0.35895800590515137, 0.3713099956512451], "position": [0.263671875, 0.263671875, 0.263671875, 0.263671875, 0.263671875, 0.263671875, 0.263671875, 0.263671875, 0.263671875, 0.263671875, 0.263671875, 0.263671875, 0.263671875, 0.263671875, 0.263671875, 0.263671875, 0.263671875, 0.263671875, 0.263671875, 0.263671875, 0.263671875, 0.263671875, 0.263671875, 0.263671875, 0.263671875, 0.263671875, 0.263671875, 0.263671875, 0.263671875, 0.263671875, 0.3515625, 0.3515625, 0.3515625, 0.439453125, 0.439453125, 0.439453125, 0.439453125, 0.439453125, 0.439453125, 0.439453125, 0.439453125, 0.439453125, 0.439453125, 0.439453125, 0.439453125, 0.439453125, 0.439453125, 0.439453125, 0.439453125, 0.439453125, 0.439453125, 0.439453125, 0.439453125, 0.439453125, 0.439453125, 0.52734375, 0.52734375, 0.52734375, 0.52734375, 0.439453125, 0.439453125, 0.3515625, 0.3515625, 0.3515625, 0.3515625, 0.3515625, 0.3515625, 0.3515625, 0.3515625, 0.263671875, 0.263671875, 0.263671875, 0.263671875, 0.263671875, 0.263671875, 0.263671875, 0.263671875, 0.263671875, 0.263671875, 0.263671875, 0.263671875, 0.263671875], "target": [0.0, 0.0, 0.0, 0.0, 0.0, 0.0, 0.0, 0.0, 0.0, 0.0, 0.0, 0.0, 0.0, 0.0, 0.0, 0.0, 0.0, 0.0, 0.0, 0.0, 0.0, 0.0, 0.0, 0.0, 20.0, 20.0, 20.0, 20.0, -20.0, -20.0, -20.0, -20.0, -20.0, -20.0, 20.0, 20.0, 20.0, 20.0, 20.0, 20.0, -20.0, -20.0, -20.0, -20.0, -20.0, 20.0, 20.0, 20.0, 20.0, 20.0, 20.0, -20.0, -20.0, -20.0, -20.0, -20.0, 0.0, 0.0, 0.0, 0.0, 0.0, 0.0, 0.0, 0.0, 0.0, 0.0, 0.0, 0.0, 0.0, 0.0, 0.0, 0.0, 0.0, 0.0, 0.0, 0.0, 0.0, 0.0, 0.0, 0.0, 0.0, 0.0], "velocity": [0.0, 0.0, 0.0, 0.0, 0.0, 0.0, 0.0, 0.0, 0.0, 0.0, 0.0, 0.0, 0.0, 0.0, 0.0, 0.0, 0.0, 0.0, 0.0, 0.0, 0.0, 0.0, 0.0, 0.0, 0.0, 0.0, 0.0, 0.0, 0.0, 0.0, 0.0, 0.0, 0.0, 4.39453125, 4.39453125, 4.39453125, 4.39453125, 4.39453125, 4.39453125, 4.39453125, 4.39453125, 4.39453125, 4.39453125, 0.0, 0.0, 0.0, 0.0, 0.0, 0.0, 0.0, 0.0, 0.0, 0.0, 0.0, 0.0, 0.0, 0.0, 0.0, 4.39453125, 4.39453125, 4.39453125, -8.7890625, -8.7890625, -8.7890625, -8.7890625, -8.7890625, -8.7890625, -8.7890625, -8.7890625, 0.0, 0.0, 0.0, -4.39453125, -4.39453125, -4.39453125, -4.39453125, -4.39453125, -4.39453125, -4.39453125, -4.39453125, 0.0, 0.0]}